{"cameraMode":{"drawMode":0,"name":"Shaded","section":"Shading Mode"},"sceneLighting":false,"audioPlay":false,"sceneViewState":{"showFog":true,"showMaterialUpdate":true,"showSkybox":false,"showFlares":true,"showImageEffects":true,"showParticleSystems":true},"in2DMode":false,"pivot":{"x":1.3778414726257325,"y":1.2994517087936402,"z":-0.9793822765350342},"rotation":{"x":-0.017785482108592988,"y":0.9819575548171997,"z":-0.14420217275619508,"w":-0.12109281867742539},"size":3.7770230770111086,"orthographic":false}