{"cameraMode":{"drawMode":0,"name":"Shaded","section":"Shading Mode"},"sceneLighting":false,"audioPlay":false,"sceneViewState":{"showFog":true,"showMaterialUpdate":true,"showSkybox":false,"showFlares":true,"showImageEffects":true,"showParticleSystems":true},"in2DMode":false,"pivot":{"x":670.1734619140625,"y":354.470703125,"z":1555.45751953125},"rotation":{"x":-0.06252825260162354,"y":-0.06527798622846604,"z":-0.003965757787227631,"w":0.9959647059440613},"size":1949.455322265625,"orthographic":false}