{"cameraMode":{"drawMode":0,"name":"Shaded","section":"Shading Mode"},"sceneLighting":false,"audioPlay":false,"sceneViewState":{"showFog":true,"showMaterialUpdate":true,"showSkybox":false,"showFlares":true,"showImageEffects":true,"showParticleSystems":true},"in2DMode":false,"pivot":{"x":518.218505859375,"y":287.00140380859377,"z":33.40137481689453},"rotation":{"x":-0.04902569204568863,"y":-0.08026845008134842,"z":-0.003819689154624939,"w":0.9956262707710266},"size":1421.469970703125,"orthographic":false}