{"cameraMode":{"drawMode":0,"name":"Shaded","section":"Shading Mode"},"sceneLighting":true,"audioPlay":false,"sceneViewState":{"showFog":true,"showMaterialUpdate":true,"showSkybox":true,"showFlares":true,"showImageEffects":true,"showParticleSystems":true},"in2DMode":false,"pivot":{"x":0.9093028903007507,"y":-4.3740997314453129,"z":3.206439971923828},"rotation":{"x":-0.17194399237632752,"y":-0.00975430104881525,"z":0.0017047112341970206,"w":-0.9850661158561707},"size":22.0,"orthographic":false}