{"cameraMode":{"drawMode":0,"name":"Shaded","section":"Shading Mode"},"sceneLighting":true,"audioPlay":false,"sceneViewState":{"showFog":true,"showMaterialUpdate":true,"showSkybox":true,"showFlares":true,"showImageEffects":true,"showParticleSystems":true},"in2DMode":false,"pivot":{"x":19.63529396057129,"y":-814.3595581054688,"z":7072.4052734375},"rotation":{"x":0.057283032685518268,"y":0.0005625682533718646,"z":0.00019870947289746255,"w":0.998432457447052},"size":7161.18896484375,"orthographic":false}